ID,Type,Time,percent
alanine,EDTA,2,0.871216352
alanine,EDTA,4,2.728920158
alanine,EDTA,6,3.405036191
alanine,EDTA,8,5.489889616
creatinine,EDTA,2,-5.03331727
creatinine,EDTA,4,-13.96061323
creatinine,EDTA,6,-21.37352508
creatinine,EDTA,8,-24.5684138
glutamine,EDTA,2,-3.359362798
glutamine,EDTA,4,18.20787004
glutamine,EDTA,6,11.46516376
glutamine,EDTA,8,29.67991013
glycine,EDTA,2,-13.00662599
glycine,EDTA,4,27.00975327
glycine,EDTA,6,17.10708539
glycine,EDTA,8,31.39839822
histidine,EDTA,2,-1.819186072
histidine,EDTA,4,3.093648237
histidine,EDTA,6,-5.450325153
histidine,EDTA,8,11.28682969
isoleucine,EDTA,2,1.01141131
isoleucine,EDTA,4,-1.733887317
isoleucine,EDTA,6,13.6596275
isoleucine,EDTA,8,1.969760714
leucine,EDTA,2,9.171308552
leucine,EDTA,4,4.054387659
leucine,EDTA,6,13.49042177
leucine,EDTA,8,14.40374755
lysine,EDTA,2,-19.97752308
lysine,EDTA,4,-5.169748705
lysine,EDTA,6,-13.64136118
lysine,EDTA,8,-15.91834611
phenylalanine,EDTA,2,0.374827199
phenylalanine,EDTA,4,6.732661435
phenylalanine,EDTA,6,4.471314833
phenylalanine,EDTA,8,13.55924286
tyrosine,EDTA,2,3.862025698
tyrosine,EDTA,4,9.643124469
tyrosine,EDTA,6,9.171085085
tyrosine,EDTA,8,8.714930943
valine,EDTA,2,-0.641022847
valine,EDTA,4,4.891293115
valine,EDTA,6,5.465291035
valine,EDTA,8,9.912690782
citric_acid,EDTA,2,5.728039387
citric_acid,EDTA,4,8.81970607
citric_acid,EDTA,6,9.52614473
citric_acid,EDTA,8,10.89627235
lactic_acid,EDTA,2,-10.6767098
lactic_acid,EDTA,4,-17.48720996
lactic_acid,EDTA,6,-19.67816401
lactic_acid,EDTA,8,-17.84368684
acetone,EDTA,2,-9.572622623
acetone,EDTA,4,15.98955309
acetone,EDTA,6,5.191958869
acetone,EDTA,8,6.876585988
pyruvic_acid,EDTA,2,-14.56326381
pyruvic_acid,EDTA,4,-15.85253563
pyruvic_acid,EDTA,6,-15.93849468
pyruvic_acid,EDTA,8,-35.62009674
glucose,EDTA,2,2.54840725
glucose,EDTA,4,17.18773858
glucose,EDTA,6,26.87542343
glucose,EDTA,8,33.58447529
TG,EDTA,2,2.431999477
TG,EDTA,4,5.968156722
TG,EDTA,6,8.618301015
TG,EDTA,8,9.861297856
CHOL,EDTA,2,2.192799758
CHOL,EDTA,4,7.61669043
CHOL,EDTA,6,9.718331591
CHOL,EDTA,8,13.39866888
LDL_CHOL,EDTA,2,2.251201371
LDL_CHOL,EDTA,4,9.349324978
LDL_CHOL,EDTA,6,11.30532952
LDL_CHOL,EDTA,8,15.92445446
HDL_CHOL,EDTA,2,0.699087976
HDL_CHOL,EDTA,4,0.334836174
HDL_CHOL,EDTA,6,1.087304518
HDL_CHOL,EDTA,8,4.002440715
ApoA1,EDTA,2,3.308495052
ApoA1,EDTA,4,6.51950405
ApoA1,EDTA,6,10.39283058
ApoA1,EDTA,8,13.57611337
ApoA2,EDTA,2,2.968337816
ApoA2,EDTA,4,7.320588719
ApoA2,EDTA,6,9.025581021
ApoA2,EDTA,8,14.59099152
ApoB100,EDTA,2,4.536332831
ApoB100,EDTA,4,12.53241636
ApoB100,EDTA,6,16.25899126
ApoB100,EDTA,8,20.32746044
LDL_CHOL_HDL_CHOL,EDTA,2,2.428178453
LDL_CHOL_HDL_CHOL,EDTA,4,9.259333041
LDL_CHOL_HDL_CHOL,EDTA,6,11.8585125
LDL_CHOL_HDL_CHOL,EDTA,8,13.81549651
Apo.B100_ApoA1,EDTA,2,1.065153164
Apo.B100_ApoA1,EDTA,4,6.634279642
Apo.B100_ApoA1,EDTA,6,7.311285778
Apo.B100_ApoA1,EDTA,8,9.0447891
Total_Particles_ApoB,EDTA,2,4.534653617
Total_Particles_ApoB,EDTA,4,12.53086943
Total_Particles_ApoB,EDTA,6,16.2567917
Total_Particles_ApoB,EDTA,8,20.3271925
VLDL_Particles,EDTA,2,1.345617415
VLDL_Particles,EDTA,4,3.173864465
VLDL_Particles,EDTA,6,2.476639959
VLDL_Particles,EDTA,8,3.360686103
IDL_Particles,EDTA,2,3.776749917
IDL_Particles,EDTA,4,11.36263884
IDL_Particles,EDTA,6,14.23484569
IDL_Particles,EDTA,8,17.25606413
LDL_Particles,EDTA,2,3.565085009
LDL_Particles,EDTA,4,12.3251906
LDL_Particles,EDTA,6,14.63006621
LDL_Particles,EDTA,8,19.56198128
LDL_1_Particles,EDTA,2,-3.160620964
LDL_1_Particles,EDTA,4,-3.052802294
LDL_1_Particles,EDTA,6,-1.203735614
LDL_1_Particles,EDTA,8,-2.741460812
LDL_2_Particles,EDTA,2,-4.566237174
LDL_2_Particles,EDTA,4,-5.815969886
LDL_2_Particles,EDTA,6,1.243882008
LDL_2_Particles,EDTA,8,-1.55873359
LDL_3_Particles,EDTA,2,-6.002677543
LDL_3_Particles,EDTA,4,-4.970476517
LDL_3_Particles,EDTA,6,-9.04638725
LDL_3_Particles,EDTA,8,-4.931024835
LDL_4_Particles,EDTA,2,2.389867382
LDL_4_Particles,EDTA,4,8.670977351
LDL_4_Particles,EDTA,6,3.45087293
LDL_4_Particles,EDTA,8,13.24931937
LDL_5_Particles,EDTA,2,11.38812724
LDL_5_Particles,EDTA,4,27.15878514
LDL_5_Particles,EDTA,6,31.55572002
LDL_5_Particles,EDTA,8,38.73225694
LDL_6_Particles,EDTA,2,11.64428339
LDL_6_Particles,EDTA,4,27.94796976
LDL_6_Particles,EDTA,6,34.8385546
LDL_6_Particles,EDTA,8,41.62041914
TG_VLDL,EDTA,2,4.429537814
TG_VLDL,EDTA,4,10.0864275
TG_VLDL,EDTA,6,12.05794735
TG_VLDL,EDTA,8,15.40161604
TG_IDL,EDTA,2,1.793554508
TG_IDL,EDTA,4,6.068681018
TG_IDL,EDTA,6,11.34877946
TG_IDL,EDTA,8,12.14672308
TG_LDL,EDTA,2,5.59590979
TG_LDL,EDTA,4,12.66733627
TG_LDL,EDTA,6,18.03853674
TG_LDL,EDTA,8,20.48219342
TG_HDL,EDTA,2,4.439450659
TG_HDL,EDTA,4,7.460759381
TG_HDL,EDTA,6,13.9890015
TG_HDL,EDTA,8,13.39809943
CHOL_VLDL,EDTA,2,5.261707679
CHOL_VLDL,EDTA,4,12.13845004
CHOL_VLDL,EDTA,6,16.46224748
CHOL_VLDL,EDTA,8,17.85748757
CHOL_IDL,EDTA,2,6.594270932
CHOL_IDL,EDTA,4,15.14120189
CHOL_IDL,EDTA,6,21.30112598
CHOL_IDL,EDTA,8,23.73195935
fCHOL_VLDL,EDTA,2,4.905574891
fCHOL_VLDL,EDTA,4,9.18658544
fCHOL_VLDL,EDTA,6,11.44227134
fCHOL_VLDL,EDTA,8,13.54449944
fCHOL_IDL,EDTA,2,6.873975518
fCHOL_IDL,EDTA,4,15.23164685
fCHOL_IDL,EDTA,6,21.45773126
fCHOL_IDL,EDTA,8,23.57579235
fCHOL_LDL,EDTA,2,3.740251027
fCHOL_LDL,EDTA,4,10.46317186
fCHOL_LDL,EDTA,6,13.05303585
fCHOL_LDL,EDTA,8,17.76802719
fCHOL_HDL,EDTA,2,5.341835412
fCHOL_HDL,EDTA,4,8.574949654
fCHOL_HDL,EDTA,6,12.89393441
fCHOL_HDL,EDTA,8,16.63114043
PHOSL_VLDL,EDTA,2,1.955246403
PHOSL_VLDL,EDTA,4,6.37006247
PHOSL_VLDL,EDTA,6,4.878481003
PHOSL_VLDL,EDTA,8,7.03135355
PHOSL_IDL,EDTA,2,3.156894721
PHOSL_IDL,EDTA,4,12.31206323
PHOSL_IDL,EDTA,6,15.38589331
PHOSL_IDL,EDTA,8,19.66043725
PHOSL_LDL,EDTA,2,1.401529104
PHOSL_LDL,EDTA,4,7.406499336
PHOSL_LDL,EDTA,6,8.505902446
PHOSL_LDL,EDTA,8,12.60577781
PHOSL_HDL,EDTA,2,0.710167097
PHOSL_HDL,EDTA,4,1.770768135
PHOSL_HDL,EDTA,6,2.550409263
PHOSL_HDL,EDTA,8,5.398852105
ApoA1_HDL,EDTA,2,3.688880354
ApoA1_HDL,EDTA,4,6.432699973
ApoA1_HDL,EDTA,6,10.66531196
ApoA1_HDL,EDTA,8,13.86763313
ApoA2_HDL,EDTA,2,2.604746266
ApoA2_HDL,EDTA,4,6.79078664
ApoA2_HDL,EDTA,6,7.966367776
ApoA2_HDL,EDTA,8,13.52083734
ApoB_VLDL,EDTA,2,1.369494112
ApoB_VLDL,EDTA,4,3.19998666
ApoB_VLDL,EDTA,6,2.51854626
ApoB_VLDL,EDTA,8,3.404842856
ApoB_IDL,EDTA,2,3.800952452
ApoB_IDL,EDTA,4,11.39471344
ApoB_IDL,EDTA,6,14.24237124
ApoB_IDL,EDTA,8,17.28040801
ApoB_LDL,EDTA,2,3.563519386
ApoB_LDL,EDTA,4,12.32244029
ApoB_LDL,EDTA,6,14.63134734
ApoB_LDL,EDTA,8,19.56123142
TG_VLDL_1,EDTA,2,-0.431219188
TG_VLDL_1,EDTA,4,3.927158522
TG_VLDL_1,EDTA,6,-1.448307922
TG_VLDL_1,EDTA,8,1.324961457
TG_VLDL_2,EDTA,2,6.619572716
TG_VLDL_2,EDTA,4,15.21002666
TG_VLDL_2,EDTA,6,21.99145333
TG_VLDL_2,EDTA,8,25.26355872
TG_VLDL_3,EDTA,2,8.596510357
TG_VLDL_3,EDTA,4,15.98478364
TG_VLDL_3,EDTA,6,23.76146072
TG_VLDL_3,EDTA,8,26.78505862
TG_VLDL_4,EDTA,2,5.059870383
TG_VLDL_4,EDTA,4,5.944775627
TG_VLDL_4,EDTA,6,12.51696895
TG_VLDL_4,EDTA,8,12.49964445
TG_VLDL_5,EDTA,2,-2.285636774
TG_VLDL_5,EDTA,4,-12.28521876
TG_VLDL_5,EDTA,6,-15.77882415
TG_VLDL_5,EDTA,8,-22.10784019
CHOL_VLDL_1,EDTA,2,1.707219004
CHOL_VLDL_1,EDTA,4,7.50442798
CHOL_VLDL_1,EDTA,6,4.688606909
CHOL_VLDL_1,EDTA,8,7.70275029
CHOL_VLDL_2,EDTA,2,10.92009887
CHOL_VLDL_2,EDTA,4,23.36200387
CHOL_VLDL_2,EDTA,6,30.99180643
CHOL_VLDL_2,EDTA,8,34.86177657
CHOL_VLDL_3,EDTA,2,11.84521649
CHOL_VLDL_3,EDTA,4,24.91242045
CHOL_VLDL_3,EDTA,6,31.52353826
CHOL_VLDL_3,EDTA,8,36.0728088
CHOL_VLDL_4,EDTA,2,9.654479112
CHOL_VLDL_4,EDTA,4,19.77897019
CHOL_VLDL_4,EDTA,6,30.77079935
CHOL_VLDL_4,EDTA,8,30.66727456
CHOL_VLDL_5,EDTA,2,-16.53910809
CHOL_VLDL_5,EDTA,4,-45.44888001
CHOL_VLDL_5,EDTA,6,-39.5472749
CHOL_VLDL_5,EDTA,8,-69.42247848
fCHOL_VLDL_1,EDTA,2,1.017548592
fCHOL_VLDL_1,EDTA,4,10.12784424
fCHOL_VLDL_1,EDTA,6,10.09800967
fCHOL_VLDL_1,EDTA,8,11.7204845
fCHOL_VLDL_2,EDTA,2,6.811911288
fCHOL_VLDL_2,EDTA,4,14.90595345
fCHOL_VLDL_2,EDTA,6,17.62807935
fCHOL_VLDL_2,EDTA,8,21.80899118
fCHOL_VLDL_3,EDTA,2,9.40201238
fCHOL_VLDL_3,EDTA,4,19.1122103
fCHOL_VLDL_3,EDTA,6,22.66992267
fCHOL_VLDL_3,EDTA,8,27.34165219
fCHOL_VLDL_4,EDTA,2,9.432796773
fCHOL_VLDL_4,EDTA,4,16.65110594
fCHOL_VLDL_4,EDTA,6,23.25888875
fCHOL_VLDL_4,EDTA,8,25.57357862
PHOSL_VLDL_1,EDTA,2,-2.417613439
PHOSL_VLDL_1,EDTA,4,3.959544772
PHOSL_VLDL_1,EDTA,6,-1.464721332
PHOSL_VLDL_1,EDTA,8,-0.059864623
PHOSL_VLDL_2,EDTA,2,5.916919708
PHOSL_VLDL_2,EDTA,4,16.40715152
PHOSL_VLDL_2,EDTA,6,21.26277626
PHOSL_VLDL_2,EDTA,8,24.78147507
PHOSL_VLDL_3,EDTA,2,6.945714346
PHOSL_VLDL_3,EDTA,4,16.57953472
PHOSL_VLDL_3,EDTA,6,20.97660049
PHOSL_VLDL_3,EDTA,8,24.69305961
PHOSL_VLDL_4,EDTA,2,5.314378053
PHOSL_VLDL_4,EDTA,4,9.073219056
PHOSL_VLDL_4,EDTA,6,15.18773391
PHOSL_VLDL_4,EDTA,8,15.00933825
PHOSL_VLDL_5,EDTA,2,-1.949333866
PHOSL_VLDL_5,EDTA,4,-12.38274724
PHOSL_VLDL_5,EDTA,6,-11.24385001
PHOSL_VLDL_5,EDTA,8,-24.44661658
TG_LDL_1,EDTA,2,-0.226952673
TG_LDL_1,EDTA,4,-0.495868797
TG_LDL_1,EDTA,6,5.352480418
TG_LDL_1,EDTA,8,2.975203589
TG_LDL_2,EDTA,2,-4.371661513
TG_LDL_2,EDTA,4,-6.310423025
TG_LDL_2,EDTA,6,-5.819229623
TG_LDL_2,EDTA,8,-8.132253755
TG_LDL_3,EDTA,2,-1.384322028
TG_LDL_3,EDTA,4,0.643706315
TG_LDL_3,EDTA,6,-0.655187271
TG_LDL_3,EDTA,8,-0.536490201
TG_LDL_4,EDTA,2,7.587913324
TG_LDL_4,EDTA,4,14.62543494
TG_LDL_4,EDTA,6,16.07528376
TG_LDL_4,EDTA,8,21.06679424
TG_LDL_5,EDTA,2,11.84570039
TG_LDL_5,EDTA,4,27.00548577
TG_LDL_5,EDTA,6,31.87023253
TG_LDL_5,EDTA,8,37.27791769
TG_LDL_6,EDTA,2,5.320919417
TG_LDL_6,EDTA,4,16.13045307
TG_LDL_6,EDTA,6,17.22383437
TG_LDL_6,EDTA,8,23.09833339
CHOL_LDL_1,EDTA,2,-5.086696646
CHOL_LDL_1,EDTA,4,-5.754450364
CHOL_LDL_1,EDTA,6,-4.291598321
CHOL_LDL_1,EDTA,8,-6.76059671
CHOL_LDL_2,EDTA,2,-7.597716563
CHOL_LDL_2,EDTA,4,-11.58241318
CHOL_LDL_2,EDTA,6,-5.367777028
CHOL_LDL_2,EDTA,8,-9.116478125
CHOL_LDL_3,EDTA,2,-8.946800939
CHOL_LDL_3,EDTA,4,-10.10681227
CHOL_LDL_3,EDTA,6,-16.05454328
CHOL_LDL_3,EDTA,8,-12.18709363
CHOL_LDL_4,EDTA,2,-0.265656085
CHOL_LDL_4,EDTA,4,4.362500796
CHOL_LDL_4,EDTA,6,-2.828105462
CHOL_LDL_4,EDTA,8,6.721461397
CHOL_LDL_5,EDTA,2,10.31266448
CHOL_LDL_5,EDTA,4,26.20420303
CHOL_LDL_5,EDTA,6,29.80912393
CHOL_LDL_5,EDTA,8,37.53332034
CHOL_LDL_6,EDTA,2,11.57126572
CHOL_LDL_6,EDTA,4,28.19900126
CHOL_LDL_6,EDTA,6,34.16075682
CHOL_LDL_6,EDTA,8,41.51259518
fCHOL_LDL_1,EDTA,2,-0.065931094
fCHOL_LDL_1,EDTA,4,3.710604537
fCHOL_LDL_1,EDTA,6,9.756912406
fCHOL_LDL_1,EDTA,8,9.546082047
fCHOL_LDL_2,EDTA,2,0.195548137
fCHOL_LDL_2,EDTA,4,1.796900852
fCHOL_LDL_2,EDTA,6,11.27990396
fCHOL_LDL_2,EDTA,8,11.72120237
fCHOL_LDL_3,EDTA,2,0.489161711
fCHOL_LDL_3,EDTA,4,0.701958612
fCHOL_LDL_3,EDTA,6,1.930323926
fCHOL_LDL_3,EDTA,8,6.477505471
fCHOL_LDL_4,EDTA,2,3.689971751
fCHOL_LDL_4,EDTA,4,7.595144357
fCHOL_LDL_4,EDTA,6,6.295955882
fCHOL_LDL_4,EDTA,8,14.54022989
fCHOL_LDL_5,EDTA,2,11.71136037
fCHOL_LDL_5,EDTA,4,25.66115396
fCHOL_LDL_5,EDTA,6,30.88354941
fCHOL_LDL_5,EDTA,8,38.29712874
fCHOL_LDL_6,EDTA,2,13.93077646
fCHOL_LDL_6,EDTA,4,30.5484031
fCHOL_LDL_6,EDTA,6,41.72270041
fCHOL_LDL_6,EDTA,8,46.89159311
PHOSL_LDL_1,EDTA,2,-4.927608739
PHOSL_LDL_1,EDTA,4,-6.515869924
PHOSL_LDL_1,EDTA,6,-5.48122054
PHOSL_LDL_1,EDTA,8,-8.403868205
PHOSL_LDL_2,EDTA,2,-8.287141266
PHOSL_LDL_2,EDTA,4,-13.10654903
PHOSL_LDL_2,EDTA,6,-9.001448761
PHOSL_LDL_2,EDTA,8,-13.78621164
PHOSL_LDL_3,EDTA,2,-7.557120572
PHOSL_LDL_3,EDTA,4,-8.546953624
PHOSL_LDL_3,EDTA,6,-13.40274627
PHOSL_LDL_3,EDTA,8,-10.44076544
PHOSL_LDL_4,EDTA,2,0.01666211
PHOSL_LDL_4,EDTA,4,3.67454173
PHOSL_LDL_4,EDTA,6,-3.057239865
PHOSL_LDL_4,EDTA,8,5.748311449
PHOSL_LDL_5,EDTA,2,9.974428827
PHOSL_LDL_5,EDTA,4,24.88139574
PHOSL_LDL_5,EDTA,6,28.6165917
PHOSL_LDL_5,EDTA,8,35.82392201
PHOSL_LDL_6,EDTA,2,10.20067501
PHOSL_LDL_6,EDTA,4,25.4495055
PHOSL_LDL_6,EDTA,6,30.37888395
PHOSL_LDL_6,EDTA,8,37.45002419
ApoB_LDL_1,EDTA,2,-3.160098531
ApoB_LDL_1,EDTA,4,-3.050415067
ApoB_LDL_1,EDTA,6,-1.217676514
ApoB_LDL_1,EDTA,8,-2.74781186
ApoB_LDL_2,EDTA,2,-4.54584534
ApoB_LDL_2,EDTA,4,-5.785433773
ApoB_LDL_2,EDTA,6,1.279619514
ApoB_LDL_2,EDTA,8,-1.514284569
ApoB_LDL_3,EDTA,2,-6.007627295
ApoB_LDL_3,EDTA,4,-4.982528015
ApoB_LDL_3,EDTA,6,-9.055657121
ApoB_LDL_3,EDTA,8,-4.933005666
ApoB_LDL_4,EDTA,2,2.378289589
ApoB_LDL_4,EDTA,4,8.675799087
ApoB_LDL_4,EDTA,6,3.451324781
ApoB_LDL_4,EDTA,8,13.2542425
ApoB_LDL_5,EDTA,2,11.38865825
ApoB_LDL_5,EDTA,4,27.16553152
ApoB_LDL_5,EDTA,6,31.56701282
ApoB_LDL_5,EDTA,8,38.73985382
ApoB_LDL_6,EDTA,2,11.64375771
ApoB_LDL_6,EDTA,4,27.94845309
ApoB_LDL_6,EDTA,6,34.83652493
ApoB_LDL_6,EDTA,8,41.62004378
TG_HDL_1,EDTA,2,3.534990771
TG_HDL_1,EDTA,4,5.707597862
TG_HDL_1,EDTA,6,11.53475684
TG_HDL_1,EDTA,8,10.38503984
TG_HDL_2,EDTA,2,5.272686491
TG_HDL_2,EDTA,4,7.777878815
TG_HDL_2,EDTA,6,16.13705642
TG_HDL_2,EDTA,8,15.40607818
TG_HDL_3,EDTA,2,6.363063261
TG_HDL_3,EDTA,4,10.6943953
TG_HDL_3,EDTA,6,19.74665428
TG_HDL_3,EDTA,8,21.02124173
TG_HDL_4,EDTA,2,3.419238329
TG_HDL_4,EDTA,4,6.806731803
TG_HDL_4,EDTA,6,13.01361187
TG_HDL_4,EDTA,8,12.74450319
CHOL_HDL_1,EDTA,2,-1.960183767
CHOL_HDL_1,EDTA,4,-1.541494892
CHOL_HDL_1,EDTA,6,-2.938946877
CHOL_HDL_1,EDTA,8,-2.112635955
CHOL_HDL_2,EDTA,2,0.268233419
CHOL_HDL_2,EDTA,4,-3.454284096
CHOL_HDL_2,EDTA,6,-2.599558985
CHOL_HDL_2,EDTA,8,-1.253071001
CHOL_HDL_3,EDTA,2,1.251475077
CHOL_HDL_3,EDTA,4,1.183914475
CHOL_HDL_3,EDTA,6,1.851782058
CHOL_HDL_3,EDTA,8,7.04521081
CHOL_HDL_4,EDTA,2,0.078991318
CHOL_HDL_4,EDTA,4,0.475259702
CHOL_HDL_4,EDTA,6,0.462238557
CHOL_HDL_4,EDTA,8,4.324608898
fCHOL_HDL_1,EDTA,2,5.879850121
fCHOL_HDL_1,EDTA,4,12.17579669
fCHOL_HDL_1,EDTA,6,15.15403881
fCHOL_HDL_1,EDTA,8,20.11075522
fCHOL_HDL_2,EDTA,2,6.855251886
fCHOL_HDL_2,EDTA,4,12.56074355
fCHOL_HDL_2,EDTA,6,15.88190944
fCHOL_HDL_2,EDTA,8,23.11608251
fCHOL_HDL_3,EDTA,2,9.166585055
fCHOL_HDL_3,EDTA,4,17.16449014
fCHOL_HDL_3,EDTA,6,25.60177458
fCHOL_HDL_3,EDTA,8,31.48968168
fCHOL_HDL_4,EDTA,2,9.498997996
fCHOL_HDL_4,EDTA,4,17.12182839
fCHOL_HDL_4,EDTA,6,25.86206897
fCHOL_HDL_4,EDTA,8,32.11109094
PHOSL_HDL_1,EDTA,2,-0.507853017
PHOSL_HDL_1,EDTA,4,1.086974472
PHOSL_HDL_1,EDTA,6,0.171389539
PHOSL_HDL_1,EDTA,8,1.530646765
PHOSL_HDL_2,EDTA,2,-0.417484254
PHOSL_HDL_2,EDTA,4,-2.108081089
PHOSL_HDL_2,EDTA,6,-2.568647144
PHOSL_HDL_2,EDTA,8,-0.792913894
PHOSL_HDL_3,EDTA,2,1.195484145
PHOSL_HDL_3,EDTA,4,2.815057891
PHOSL_HDL_3,EDTA,6,3.970502
PHOSL_HDL_3,EDTA,8,8.857024096
PHOSL_HDL_4,EDTA,2,-0.39020498
PHOSL_HDL_4,EDTA,4,0.856299583
PHOSL_HDL_4,EDTA,6,1.029035935
PHOSL_HDL_4,EDTA,8,4.2303351
ApoA1_HDL_1,EDTA,2,5.744246788
ApoA1_HDL_1,EDTA,4,9.462585623
ApoA1_HDL_1,EDTA,6,14.38990944
ApoA1_HDL_1,EDTA,8,16.19024332
ApoA1_HDL_2,EDTA,2,-0.076916136
ApoA1_HDL_2,EDTA,4,1.370725994
ApoA1_HDL_2,EDTA,6,0.504758378
ApoA1_HDL_2,EDTA,8,3.9363563
ApoA1_HDL_3,EDTA,2,1.234652022
ApoA1_HDL_3,EDTA,4,1.510678963
ApoA1_HDL_3,EDTA,6,2.472077723
ApoA1_HDL_3,EDTA,8,6.716795677
ApoA1_HDL_4,EDTA,2,3.020375965
ApoA1_HDL_4,EDTA,4,6.121616621
ApoA1_HDL_4,EDTA,6,9.713323619
ApoA1_HDL_4,EDTA,8,13.5430327
ApoA2_HDL_1,EDTA,2,1.751848892
ApoA2_HDL_1,EDTA,4,8.213463231
ApoA2_HDL_1,EDTA,6,5.391588066
ApoA2_HDL_1,EDTA,8,11.32650934
ApoA2_HDL_2,EDTA,2,0.552932621
ApoA2_HDL_2,EDTA,4,4.941912026
ApoA2_HDL_2,EDTA,6,1.878725196
ApoA2_HDL_2,EDTA,8,8.74637964
ApoA2_HDL_3,EDTA,2,1.956757986
ApoA2_HDL_3,EDTA,4,5.783065012
ApoA2_HDL_3,EDTA,6,6.154081357
ApoA2_HDL_3,EDTA,8,12.45318618
ApoA2_HDL_4,EDTA,2,1.868091834
ApoA2_HDL_4,EDTA,4,5.693627792
ApoA2_HDL_4,EDTA,6,6.810481304
ApoA2_HDL_4,EDTA,8,12.4126666
alanine,Serum,2,4.835625171
alanine,Serum,4,5.00127801
alanine,Serum,6,9.349235572
alanine,Serum,8,11.8801419
creatinine,Serum,2,4.035752337
creatinine,Serum,4,16.37396167
creatinine,Serum,6,12.48592617
creatinine,Serum,8,5.133369699
glutamine,Serum,2,0.128810823
glutamine,Serum,4,6.819840535
glutamine,Serum,6,10.52129922
glutamine,Serum,8,17.55876024
glycine,Serum,2,0.536744548
glycine,Serum,4,-3.225790301
glycine,Serum,6,8.2563684
glycine,Serum,8,12.42433752
histidine,Serum,2,6.115991718
histidine,Serum,4,10.36595914
histidine,Serum,6,8.207402243
histidine,Serum,8,12.27569531
isoleucine,Serum,2,-0.610100738
isoleucine,Serum,4,2.324943347
isoleucine,Serum,6,-0.000936314
isoleucine,Serum,8,7.445702225
leucine,Serum,2,10.48529933
leucine,Serum,4,2.901565451
leucine,Serum,6,10.3363074
leucine,Serum,8,11.41343186
lysine,Serum,2,0.638750718
lysine,Serum,4,11.53001012
lysine,Serum,6,13.58497308
lysine,Serum,8,12.37345986
phenylalanine,Serum,2,-8.216202167
phenylalanine,Serum,4,-11.88634189
phenylalanine,Serum,6,-2.334802315
phenylalanine,Serum,8,1.362557385
tyrosine,Serum,2,3.590484644
tyrosine,Serum,4,10.3921544
tyrosine,Serum,6,11.41099374
tyrosine,Serum,8,13.95736695
valine,Serum,2,6.540221083
valine,Serum,4,6.875445909
valine,Serum,6,7.542316479
valine,Serum,8,12.64415441
citric_acid,Serum,2,-23.78736732
citric_acid,Serum,4,-25.94957413
citric_acid,Serum,6,-14.28865785
citric_acid,Serum,8,-63.64230252
lactic_acid,Serum,2,-8.963881678
lactic_acid,Serum,4,-8.424460798
lactic_acid,Serum,6,0.746672024
lactic_acid,Serum,8,3.656859174
acetone,Serum,2,-6.468719664
acetone,Serum,4,18.58423589
acetone,Serum,6,13.63027569
acetone,Serum,8,7.73118213
pyruvic_acid,Serum,2,8.182729867
pyruvic_acid,Serum,4,-0.708500636
pyruvic_acid,Serum,6,-14.39250058
pyruvic_acid,Serum,8,-11.35075696
glucose,Serum,2,4.794993954
glucose,Serum,4,11.67130189
glucose,Serum,6,13.84547345
glucose,Serum,8,18.51222999
TG,Serum,2,2.230726754
TG,Serum,4,8.01784907
TG,Serum,6,5.71544416
TG,Serum,8,9.76911177
CHOL,Serum,2,3.432036378
CHOL,Serum,4,8.562446321
CHOL,Serum,6,9.519793209
CHOL,Serum,8,13.27286836
LDL_CHOL,Serum,2,4.809220102
LDL_CHOL,Serum,4,8.833414014
LDL_CHOL,Serum,6,12.62117969
LDL_CHOL,Serum,8,14.92099157
HDL_CHOL,Serum,2,2.358750646
HDL_CHOL,Serum,4,1.828986009
HDL_CHOL,Serum,6,7.05308633
HDL_CHOL,Serum,8,7.544421188
ApoA1,Serum,2,2.837965258
ApoA1,Serum,4,7.395467911
ApoA1,Serum,6,8.220756089
ApoA1,Serum,8,12.67549077
ApoA2,Serum,2,4.256706037
ApoA2,Serum,4,7.226155376
ApoA2,Serum,6,11.18518617
ApoA2,Serum,8,14.85467468
ApoB100,Serum,2,4.148686428
ApoB100,Serum,4,11.1188796
ApoB100,Serum,6,10.11966491
ApoB100,Serum,8,16.03969587
LDL_CHOL_HDL_CHOL,Serum,2,3.45594586
LDL_CHOL_HDL_CHOL,Serum,4,7.798604141
LDL_CHOL_HDL_CHOL,Serum,6,7.833676865
LDL_CHOL_HDL_CHOL,Serum,8,9.958638244
Apo.B100_ApoA1,Serum,2,2.376947013
Apo.B100_ApoA1,Serum,4,5.234579003
Apo.B100_ApoA1,Serum,6,4.958784021
Apo.B100_ApoA1,Serum,8,6.219151037
Total_Particles_ApoB,Serum,2,4.147473231
Total_Particles_ApoB,Serum,4,11.1157445
Total_Particles_ApoB,Serum,6,10.11753196
Total_Particles_ApoB,Serum,8,16.03845081
VLDL_Particles,Serum,2,0.160366748
VLDL_Particles,Serum,4,2.249882431
VLDL_Particles,Serum,6,1.243479747
VLDL_Particles,Serum,8,3.784384035
IDL_Particles,Serum,2,5.524655687
IDL_Particles,Serum,4,13.85102805
IDL_Particles,Serum,6,13.4359503
IDL_Particles,Serum,8,19.7693105
LDL_Particles,Serum,2,4.856509638
LDL_Particles,Serum,4,10.54614778
LDL_Particles,Serum,6,11.51366443
LDL_Particles,Serum,8,16.16009296
LDL_1_Particles,Serum,2,-5.705327448
LDL_1_Particles,Serum,4,0.74956036
LDL_1_Particles,Serum,6,-5.326572994
LDL_1_Particles,Serum,8,-2.644316478
LDL_2_Particles,Serum,2,-3.975278796
LDL_2_Particles,Serum,4,-2.364747708
LDL_2_Particles,Serum,6,1.912531739
LDL_2_Particles,Serum,8,-2.719095171
LDL_3_Particles,Serum,2,1.871139505
LDL_3_Particles,Serum,4,4.111747086
LDL_3_Particles,Serum,6,11.23323266
LDL_3_Particles,Serum,8,7.78523805
LDL_4_Particles,Serum,2,9.486670413
LDL_4_Particles,Serum,4,11.14495526
LDL_4_Particles,Serum,6,19.19357777
LDL_4_Particles,Serum,8,18.20561592
LDL_5_Particles,Serum,2,16.14833408
LDL_5_Particles,Serum,4,24.51786773
LDL_5_Particles,Serum,6,26.87582547
LDL_5_Particles,Serum,8,36.12022015
LDL_6_Particles,Serum,2,13.39294633
LDL_6_Particles,Serum,4,26.42830861
LDL_6_Particles,Serum,6,19.82138764
LDL_6_Particles,Serum,8,38.76240201
TG_VLDL,Serum,2,5.221181338
TG_VLDL,Serum,4,11.76925187
TG_VLDL,Serum,6,11.54473698
TG_VLDL,Serum,8,16.33114637
TG_IDL,Serum,2,2.480658865
TG_IDL,Serum,4,9.793588976
TG_IDL,Serum,6,8.047169306
TG_IDL,Serum,8,12.36271434
TG_LDL,Serum,2,3.336844712
TG_LDL,Serum,4,12.89527315
TG_LDL,Serum,6,8.399972686
TG_LDL,Serum,8,15.91203609
TG_HDL,Serum,2,1.231777872
TG_HDL,Serum,4,10.56643544
TG_HDL,Serum,6,4.330810984
TG_HDL,Serum,8,12.04270285
CHOL_VLDL,Serum,2,2.038317304
CHOL_VLDL,Serum,4,13.90577295
CHOL_VLDL,Serum,6,4.891834623
CHOL_VLDL,Serum,8,13.88751538
CHOL_IDL,Serum,2,5.22529733
CHOL_IDL,Serum,4,19.32247381
CHOL_IDL,Serum,6,14.02503907
CHOL_IDL,Serum,8,24.09495835
fCHOL_VLDL,Serum,2,1.638723575
fCHOL_VLDL,Serum,4,8.549498914
fCHOL_VLDL,Serum,6,2.974557362
fCHOL_VLDL,Serum,8,9.081102738
fCHOL_IDL,Serum,2,5.389004306
fCHOL_IDL,Serum,4,18.45417479
fCHOL_IDL,Serum,6,14.15012779
fCHOL_IDL,Serum,8,23.83452077
fCHOL_LDL,Serum,2,4.170025151
fCHOL_LDL,Serum,4,11.02678344
fCHOL_LDL,Serum,6,11.50264345
fCHOL_LDL,Serum,8,15.4809641
fCHOL_HDL,Serum,2,3.835083471
fCHOL_HDL,Serum,4,11.93487621
fCHOL_HDL,Serum,6,9.131560806
fCHOL_HDL,Serum,8,14.98698435
PHOSL_VLDL,Serum,2,2.912792598
PHOSL_VLDL,Serum,4,5.275753422
PHOSL_VLDL,Serum,6,5.808319352
PHOSL_VLDL,Serum,8,7.259032725
PHOSL_IDL,Serum,2,6.48659508
PHOSL_IDL,Serum,4,14.31411725
PHOSL_IDL,Serum,6,16.84148469
PHOSL_IDL,Serum,8,21.9962349
PHOSL_LDL,Serum,2,3.96352624
PHOSL_LDL,Serum,4,7.294601091
PHOSL_LDL,Serum,6,10.65606187
PHOSL_LDL,Serum,8,12.27643964
PHOSL_HDL,Serum,2,1.9123813
PHOSL_HDL,Serum,4,3.782121444
PHOSL_HDL,Serum,6,6.119818684
PHOSL_HDL,Serum,8,8.028972625
ApoA1_HDL,Serum,2,2.701431929
ApoA1_HDL,Serum,4,6.326578489
ApoA1_HDL,Serum,6,7.761558934
ApoA1_HDL,Serum,8,11.46326738
ApoA2_HDL,Serum,2,4.024557635
ApoA2_HDL,Serum,4,6.390879482
ApoA2_HDL,Serum,6,10.42241417
ApoA2_HDL,Serum,8,13.81302596
ApoB_VLDL,Serum,2,0.160805425
ApoB_VLDL,Serum,4,2.268954068
ApoB_VLDL,Serum,6,1.225272093
ApoB_VLDL,Serum,8,3.766427313
ApoB_IDL,Serum,2,5.543648441
ApoB_IDL,Serum,4,13.86476338
ApoB_IDL,Serum,6,13.43663996
ApoB_IDL,Serum,8,19.77928693
ApoB_LDL,Serum,2,4.855458818
ApoB_LDL,Serum,4,10.54454914
ApoB_LDL,Serum,6,11.51292284
ApoB_LDL,Serum,8,16.15914911
TG_VLDL_1,Serum,2,6.900307829
TG_VLDL_1,Serum,4,6.513086899
TG_VLDL_1,Serum,6,12.85102867
TG_VLDL_1,Serum,8,11.04215297
TG_VLDL_2,Serum,2,4.088276337
TG_VLDL_2,Serum,4,18.47824342
TG_VLDL_2,Serum,6,11.58716563
TG_VLDL_2,Serum,8,21.39146515
TG_VLDL_3,Serum,2,5.425773925
TG_VLDL_3,Serum,4,21.30204491
TG_VLDL_3,Serum,6,14.87879995
TG_VLDL_3,Serum,8,26.66100157
TG_VLDL_4,Serum,2,3.552668218
TG_VLDL_4,Serum,4,10.28869147
TG_VLDL_4,Serum,6,9.712715244
TG_VLDL_4,Serum,8,16.93628044
TG_VLDL_5,Serum,2,-3.755622396
TG_VLDL_5,Serum,4,-7.669365951
TG_VLDL_5,Serum,6,-10.90114448
TG_VLDL_5,Serum,8,-14.07177281
CHOL_VLDL_1,Serum,2,1.510818812
CHOL_VLDL_1,Serum,4,7.989624466
CHOL_VLDL_1,Serum,6,2.137593208
CHOL_VLDL_1,Serum,8,6.938304105
CHOL_VLDL_2,Serum,2,3.06256154
CHOL_VLDL_2,Serum,4,22.233573
CHOL_VLDL_2,Serum,6,7.573516791
CHOL_VLDL_2,Serum,8,23.09399975
CHOL_VLDL_3,Serum,2,6.931583076
CHOL_VLDL_3,Serum,4,29.07708266
CHOL_VLDL_3,Serum,6,17.15717121
CHOL_VLDL_3,Serum,8,33.45650434
CHOL_VLDL_4,Serum,2,2.959266588
CHOL_VLDL_4,Serum,4,22.50203586
CHOL_VLDL_4,Serum,6,7.291035305
CHOL_VLDL_4,Serum,8,23.51689956
CHOL_VLDL_5,Serum,2,-21.05889574
CHOL_VLDL_5,Serum,4,-40.26209294
CHOL_VLDL_5,Serum,6,-59.94009393
CHOL_VLDL_5,Serum,8,-84.29915331
fCHOL_VLDL_1,Serum,2,5.664424375
fCHOL_VLDL_1,Serum,4,7.851517113
fCHOL_VLDL_1,Serum,6,11.11761878
fCHOL_VLDL_1,Serum,8,12.2567775
fCHOL_VLDL_2,Serum,2,2.779769799
fCHOL_VLDL_2,Serum,4,16.57581774
fCHOL_VLDL_2,Serum,6,8.997751642
fCHOL_VLDL_2,Serum,8,19.24183122
fCHOL_VLDL_3,Serum,2,5.211089103
fCHOL_VLDL_3,Serum,4,21.1520452
fCHOL_VLDL_3,Serum,6,13.88463895
fCHOL_VLDL_3,Serum,8,26.85208547
fCHOL_VLDL_4,Serum,2,3.706597044
fCHOL_VLDL_4,Serum,4,20.46801514
fCHOL_VLDL_4,Serum,6,11.02217299
fCHOL_VLDL_4,Serum,8,23.69868527
PHOSL_VLDL_1,Serum,2,5.437272605
PHOSL_VLDL_1,Serum,4,5.928441724
PHOSL_VLDL_1,Serum,6,11.4023899
PHOSL_VLDL_1,Serum,8,8.764993634
PHOSL_VLDL_2,Serum,2,4.812703786
PHOSL_VLDL_2,Serum,4,18.22829899
PHOSL_VLDL_2,Serum,6,12.38045315
PHOSL_VLDL_2,Serum,8,22.17748394
PHOSL_VLDL_3,Serum,2,6.64743038
PHOSL_VLDL_3,Serum,4,19.43057401
PHOSL_VLDL_3,Serum,6,17.79617793
PHOSL_VLDL_3,Serum,8,27.20298612
PHOSL_VLDL_4,Serum,2,3.117719962
PHOSL_VLDL_4,Serum,4,12.18742576
PHOSL_VLDL_4,Serum,6,7.815376234
PHOSL_VLDL_4,Serum,8,15.93730125
PHOSL_VLDL_5,Serum,2,-8.802718414
PHOSL_VLDL_5,Serum,4,-9.457463908
PHOSL_VLDL_5,Serum,6,-22.35210054
PHOSL_VLDL_5,Serum,8,-24.27975454
TG_LDL_1,Serum,2,-8.348180106
TG_LDL_1,Serum,4,-0.181280412
TG_LDL_1,Serum,6,-11.63280986
TG_LDL_1,Serum,8,-6.153222294
TG_LDL_2,Serum,2,8.029573249
TG_LDL_2,Serum,4,9.932134686
TG_LDL_2,Serum,6,11.5571052
TG_LDL_2,Serum,8,9.291398688
TG_LDL_3,Serum,2,-0.086258552
TG_LDL_3,Serum,4,0.853613276
TG_LDL_3,Serum,6,-0.428932605
TG_LDL_3,Serum,8,-1.056900743
TG_LDL_4,Serum,2,8.745442834
TG_LDL_4,Serum,4,24.77724864
TG_LDL_4,Serum,6,24.45312982
TG_LDL_4,Serum,8,26.61100456
TG_LDL_5,Serum,2,13.43017887
TG_LDL_5,Serum,4,28.04138323
TG_LDL_5,Serum,6,21.46163415
TG_LDL_5,Serum,8,34.77768635
TG_LDL_6,Serum,2,9.907639126
TG_LDL_6,Serum,4,16.17187226
TG_LDL_6,Serum,6,14.04414413
TG_LDL_6,Serum,8,25.28312002
CHOL_LDL_1,Serum,2,-6.110599045
CHOL_LDL_1,Serum,4,-0.626953154
CHOL_LDL_1,Serum,6,-5.156586813
CHOL_LDL_1,Serum,8,-3.788218216
CHOL_LDL_2,Serum,2,-4.241869038
CHOL_LDL_2,Serum,4,-4.881728329
CHOL_LDL_2,Serum,6,2.583355223
CHOL_LDL_2,Serum,8,-4.922010787
CHOL_LDL_3,Serum,2,-10.27999963
CHOL_LDL_3,Serum,4,-9.172168773
CHOL_LDL_3,Serum,6,12.17446826
CHOL_LDL_3,Serum,8,7.464126315
CHOL_LDL_4,Serum,2,9.66599472
CHOL_LDL_4,Serum,4,7.7388676
CHOL_LDL_4,Serum,6,19.71822448
CHOL_LDL_4,Serum,8,15.73095765
CHOL_LDL_5,Serum,2,16.78446035
CHOL_LDL_5,Serum,4,23.46150215
CHOL_LDL_5,Serum,6,28.10572672
CHOL_LDL_5,Serum,8,35.8665331
CHOL_LDL_6,Serum,2,15.33616777
CHOL_LDL_6,Serum,4,25.98927891
CHOL_LDL_6,Serum,6,23.377545
CHOL_LDL_6,Serum,8,32.38153149
fCHOL_LDL_1,Serum,2,-3.650558485
fCHOL_LDL_1,Serum,4,6.987641665
fCHOL_LDL_1,Serum,6,0.290714165
fCHOL_LDL_1,Serum,8,6.179220457
fCHOL_LDL_2,Serum,2,-1.261012841
fCHOL_LDL_2,Serum,4,3.697657252
fCHOL_LDL_2,Serum,6,6.631500462
fCHOL_LDL_2,Serum,8,6.144670766
fCHOL_LDL_3,Serum,2,2.277702369
fCHOL_LDL_3,Serum,4,6.623161977
fCHOL_LDL_3,Serum,6,10.61353977
fCHOL_LDL_3,Serum,8,10.91295888
fCHOL_LDL_4,Serum,2,8.933002833
fCHOL_LDL_4,Serum,4,10.77158217
fCHOL_LDL_4,Serum,6,18.14618834
fCHOL_LDL_4,Serum,8,18.35928577
fCHOL_LDL_5,Serum,2,14.08348272
fCHOL_LDL_5,Serum,4,22.9229169
fCHOL_LDL_5,Serum,6,24.27644781
fCHOL_LDL_5,Serum,8,33.86043703
fCHOL_LDL_6,Serum,2,13.27459186
fCHOL_LDL_6,Serum,4,32.62529682
fCHOL_LDL_6,Serum,6,23.60313045
fCHOL_LDL_6,Serum,8,43.32402896
PHOSL_LDL_1,Serum,2,-6.279761683
PHOSL_LDL_1,Serum,4,-1.619696936
PHOSL_LDL_1,Serum,6,-6.145820297
PHOSL_LDL_1,Serum,8,-5.479054263
PHOSL_LDL_2,Serum,2,-3.973192412
PHOSL_LDL_2,Serum,4,-5.029299345
PHOSL_LDL_2,Serum,6,1.329238472
PHOSL_LDL_2,Serum,8,-5.720189636
PHOSL_LDL_3,Serum,2,1.760553028
PHOSL_LDL_3,Serum,4,3.220763828
PHOSL_LDL_3,Serum,6,10.88353777
PHOSL_LDL_3,Serum,8,6.782410809
PHOSL_LDL_4,Serum,2,9.220199758
PHOSL_LDL_4,Serum,4,7.346522502
PHOSL_LDL_4,Serum,6,18.48470294
PHOSL_LDL_4,Serum,8,14.76725387
PHOSL_LDL_5,Serum,2,15.64448967
PHOSL_LDL_5,Serum,4,22.17778855
PHOSL_LDL_5,Serum,6,26.52629461
PHOSL_LDL_5,Serum,8,33.72934588
PHOSL_LDL_6,Serum,2,13.71238204
PHOSL_LDL_6,Serum,4,22.21389336
PHOSL_LDL_6,Serum,6,21.04724407
PHOSL_LDL_6,Serum,8,35.30636953
ApoB_LDL_1,Serum,2,-5.708912305
ApoB_LDL_1,Serum,4,0.739184371
ApoB_LDL_1,Serum,6,-5.334381455
ApoB_LDL_1,Serum,8,-2.64737981
ApoB_LDL_2,Serum,2,-3.964370976
ApoB_LDL_2,Serum,4,-2.355440556
ApoB_LDL_2,Serum,6,1.926287365
ApoB_LDL_2,Serum,8,-2.713469833
ApoB_LDL_3,Serum,2,1.883518068
ApoB_LDL_3,Serum,4,4.104765382
ApoB_LDL_3,Serum,6,11.22023031
ApoB_LDL_3,Serum,8,7.785083746
ApoB_LDL_4,Serum,2,9.488287091
ApoB_LDL_4,Serum,4,11.15363459
ApoB_LDL_4,Serum,6,19.19954998
ApoB_LDL_4,Serum,8,18.21152955
ApoB_LDL_5,Serum,2,16.14429881
ApoB_LDL_5,Serum,4,24.51829118
ApoB_LDL_5,Serum,6,26.86367265
ApoB_LDL_5,Serum,8,36.11771401
ApoB_LDL_6,Serum,2,13.39984186
ApoB_LDL_6,Serum,4,26.42944427
ApoB_LDL_6,Serum,6,19.82280801
ApoB_LDL_6,Serum,8,38.76290124
TG_HDL_1,Serum,2,0.654663907
TG_HDL_1,Serum,4,11.04253701
TG_HDL_1,Serum,6,5.130760081
TG_HDL_1,Serum,8,14.0479642
TG_HDL_2,Serum,2,4.424983492
TG_HDL_2,Serum,4,12.09806966
TG_HDL_2,Serum,6,9.420213815
TG_HDL_2,Serum,8,15.38655648
TG_HDL_3,Serum,2,2.308528298
TG_HDL_3,Serum,4,11.10185892
TG_HDL_3,Serum,6,6.015388812
TG_HDL_3,Serum,8,13.84936692
TG_HDL_4,Serum,2,-1.423880388
TG_HDL_4,Serum,4,4.127366806
TG_HDL_4,Serum,6,-2.756293812
TG_HDL_4,Serum,8,2.209674562
CHOL_HDL_1,Serum,2,2.562882806
CHOL_HDL_1,Serum,4,5.443166154
CHOL_HDL_1,Serum,6,9.772500215
CHOL_HDL_1,Serum,8,11.56709284
CHOL_HDL_2,Serum,2,5.033282865
CHOL_HDL_2,Serum,4,1.691998224
CHOL_HDL_2,Serum,6,11.17657814
CHOL_HDL_2,Serum,8,9.439754413
CHOL_HDL_3,Serum,2,3.459621945
CHOL_HDL_3,Serum,4,4.158920445
CHOL_HDL_3,Serum,6,9.383998289
CHOL_HDL_3,Serum,8,11.10328777
CHOL_HDL_4,Serum,2,0.463767624
CHOL_HDL_4,Serum,4,-0.066034908
CHOL_HDL_4,Serum,6,2.731494362
CHOL_HDL_4,Serum,8,4.068176102
fCHOL_HDL_1,Serum,2,6.850905856
fCHOL_HDL_1,Serum,4,16.30303335
fCHOL_HDL_1,Serum,6,16.07890848
fCHOL_HDL_1,Serum,8,22.24228129
fCHOL_HDL_2,Serum,2,7.200158939
fCHOL_HDL_2,Serum,4,17.04118559
fCHOL_HDL_2,Serum,6,16.87522975
fCHOL_HDL_2,Serum,8,23.66087793
fCHOL_HDL_3,Serum,2,6.75141129
fCHOL_HDL_3,Serum,4,19.38251718
fCHOL_HDL_3,Serum,6,16.20061154
fCHOL_HDL_3,Serum,8,25.72884973
fCHOL_HDL_4,Serum,2,3.584969906
fCHOL_HDL_4,Serum,4,17.56561977
fCHOL_HDL_4,Serum,6,9.970104898
fCHOL_HDL_4,Serum,8,22.07441218
PHOSL_HDL_1,Serum,2,2.905251441
PHOSL_HDL_1,Serum,4,7.412582133
PHOSL_HDL_1,Serum,6,9.752479176
PHOSL_HDL_1,Serum,8,12.46354604
PHOSL_HDL_2,Serum,2,4.26407573
PHOSL_HDL_2,Serum,4,2.768177115
PHOSL_HDL_2,Serum,6,9.777001203
PHOSL_HDL_2,Serum,8,8.954054536
PHOSL_HDL_3,Serum,2,2.432698291
PHOSL_HDL_3,Serum,4,4.57233941
PHOSL_HDL_3,Serum,6,7.720185319
PHOSL_HDL_3,Serum,8,9.989006054
PHOSL_HDL_4,Serum,2,0.104784709
PHOSL_HDL_4,Serum,4,1.067851259
PHOSL_HDL_4,Serum,6,1.600461208
PHOSL_HDL_4,Serum,8,3.41053411
ApoA1_HDL_1,Serum,2,4.385107865
ApoA1_HDL_1,Serum,4,10.7790049
ApoA1_HDL_1,Serum,6,11.19245842
ApoA1_HDL_1,Serum,8,15.92424719
ApoA1_HDL_2,Serum,2,3.287976786
ApoA1_HDL_2,Serum,4,3.670370172
ApoA1_HDL_2,Serum,6,8.411915909
ApoA1_HDL_2,Serum,8,9.706555997
ApoA1_HDL_3,Serum,2,2.437416516
ApoA1_HDL_3,Serum,4,4.379083259
ApoA1_HDL_3,Serum,6,7.236666406
ApoA1_HDL_3,Serum,8,9.496311917
ApoA1_HDL_4,Serum,2,1.223042458
ApoA1_HDL_4,Serum,4,4.057281223
ApoA1_HDL_4,Serum,6,4.191014781
ApoA1_HDL_4,Serum,8,7.983486418
ApoA2_HDL_1,Serum,2,6.985229586
ApoA2_HDL_1,Serum,4,12.95641901
ApoA2_HDL_1,Serum,6,16.97797918
ApoA2_HDL_1,Serum,8,20.85178768
ApoA2_HDL_2,Serum,2,7.007198849
ApoA2_HDL_2,Serum,4,9.060972212
ApoA2_HDL_2,Serum,6,17.30344102
ApoA2_HDL_2,Serum,8,18.73873652
ApoA2_HDL_3,Serum,2,5.413041943
ApoA2_HDL_3,Serum,4,8.180278822
ApoA2_HDL_3,Serum,6,13.78581272
ApoA2_HDL_3,Serum,8,15.98965145
ApoA2_HDL_4,Serum,2,1.843844436
ApoA2_HDL_4,Serum,4,4.300276443
ApoA2_HDL_4,Serum,6,5.843270052
ApoA2_HDL_4,Serum,8,10.22168771
alanine,LiHep,2,12.45332698
alanine,LiHep,4,15.5738381
alanine,LiHep,6,22.47754512
alanine,LiHep,8,28.64362768
creatinine,LiHep,2,1.141491437
creatinine,LiHep,4,12.17028676
creatinine,LiHep,6,10.25413496
creatinine,LiHep,8,17.17233669
glutamine,LiHep,2,2.043954972
glutamine,LiHep,4,23.44672199
glutamine,LiHep,6,30.88525632
glutamine,LiHep,8,37.40820725
glycine,LiHep,2,8.466671009
glycine,LiHep,4,20.89788724
glycine,LiHep,6,37.99754211
glycine,LiHep,8,34.28940843
histidine,LiHep,2,-3.494454041
histidine,LiHep,4,10.56443071
histidine,LiHep,6,23.67437085
histidine,LiHep,8,29.52831086
isoleucine,LiHep,2,17.07451264
isoleucine,LiHep,4,25.32166539
isoleucine,LiHep,6,28.37190021
isoleucine,LiHep,8,35.4461767
leucine,LiHep,2,7.949508156
leucine,LiHep,4,12.80439033
leucine,LiHep,6,19.17362512
leucine,LiHep,8,22.44428313
lysine,LiHep,2,-1.782577769
lysine,LiHep,4,7.631477192
lysine,LiHep,6,17.5829936
lysine,LiHep,8,17.46555523
phenylalanine,LiHep,2,-5.129725882
phenylalanine,LiHep,4,0.197469708
phenylalanine,LiHep,6,-2.345246941
phenylalanine,LiHep,8,7.245448411
tyrosine,LiHep,2,11.69818566
tyrosine,LiHep,4,19.67607762
tyrosine,LiHep,6,24.8584845
tyrosine,LiHep,8,26.52652606
valine,LiHep,2,12.09542776
valine,LiHep,4,24.04926534
valine,LiHep,6,25.37362082
valine,LiHep,8,31.27623471
citric_acid,LiHep,2,-4.052218877
citric_acid,LiHep,4,-3.042572909
citric_acid,LiHep,6,8.658978802
citric_acid,LiHep,8,12.09768299
lactic_acid,LiHep,2,-4.867887397
lactic_acid,LiHep,4,-18.53432569
lactic_acid,LiHep,6,-22.07840372
lactic_acid,LiHep,8,-25.81257471
acetone,LiHep,2,-33.00760976
acetone,LiHep,4,26.25327537
acetone,LiHep,6,10.1247121
acetone,LiHep,8,-3.11449493
pyruvic_acid,LiHep,2,21.76731378
pyruvic_acid,LiHep,4,34.72157411
pyruvic_acid,LiHep,6,30.87647653
pyruvic_acid,LiHep,8,32.50479164
glucose,LiHep,2,9.235627965
glucose,LiHep,4,24.84622829
glucose,LiHep,6,37.35850321
glucose,LiHep,8,48.26865518
TG,LiHep,2,-0.948054629
TG,LiHep,4,1.318661593
TG,LiHep,6,1.793709974
TG,LiHep,8,1.722681464
CHOL,LiHep,2,2.379513144
CHOL,LiHep,4,6.853504683
CHOL,LiHep,6,9.90365277
CHOL,LiHep,8,12.13866572
LDL_CHOL,LiHep,2,2.671020538
LDL_CHOL,LiHep,4,6.469608266
LDL_CHOL,LiHep,6,9.490748846
LDL_CHOL,LiHep,8,13.14328773
HDL_CHOL,LiHep,2,7.720603324
HDL_CHOL,LiHep,4,8.549017737
HDL_CHOL,LiHep,6,13.22920381
HDL_CHOL,LiHep,8,16.68289696
ApoA1,LiHep,2,3.056711757
ApoA1,LiHep,4,5.966488645
ApoA1,LiHep,6,9.562860338
ApoA1,LiHep,8,11.24085087
ApoA2,LiHep,2,4.884877472
ApoA2,LiHep,4,8.288758383
ApoA2,LiHep,6,14.02625132
ApoA2,LiHep,8,16.74320181
ApoB100,LiHep,2,-2.697006748
ApoB100,LiHep,4,2.01392384
ApoB100,LiHep,6,2.936559439
ApoB100,LiHep,8,3.840599043
LDL_CHOL_HDL_CHOL,LiHep,2,-2.899689909
LDL_CHOL_HDL_CHOL,LiHep,4,-0.384662166
LDL_CHOL_HDL_CHOL,LiHep,6,-1.725848346
LDL_CHOL_HDL_CHOL,LiHep,8,-0.52455026
Apo.B100_ApoA1,LiHep,2,-3.931310598
Apo.B100_ApoA1,LiHep,4,-2.38744884
Apo.B100_ApoA1,LiHep,6,-4.9269085
Apo.B100_ApoA1,LiHep,8,-4.873197414
Total_Particles_ApoB,LiHep,2,-2.697081541
Total_Particles_ApoB,LiHep,4,2.012775552
Total_Particles_ApoB,LiHep,6,2.937136507
Total_Particles_ApoB,LiHep,8,3.84082183
VLDL_Particles,LiHep,2,-3.06885699
VLDL_Particles,LiHep,4,-2.932915182
VLDL_Particles,LiHep,6,-3.805874891
VLDL_Particles,LiHep,8,-4.935776733
IDL_Particles,LiHep,2,-1.859900401
IDL_Particles,LiHep,4,3.415145011
IDL_Particles,LiHep,6,5.699936859
IDL_Particles,LiHep,8,5.589722548
LDL_Particles,LiHep,2,-1.173640066
LDL_Particles,LiHep,4,3.963678946
LDL_Particles,LiHep,6,5.820150509
LDL_Particles,LiHep,8,7.994104523
LDL_1_Particles,LiHep,2,-1.849163302
LDL_1_Particles,LiHep,4,-0.194601047
LDL_1_Particles,LiHep,6,-0.508545906
LDL_1_Particles,LiHep,8,-3.216498955
LDL_2_Particles,LiHep,2,1.216162108
LDL_2_Particles,LiHep,4,-3.5403323
LDL_2_Particles,LiHep,6,-3.077832629
LDL_2_Particles,LiHep,8,-2.225364566
LDL_3_Particles,LiHep,2,4.467894589
LDL_3_Particles,LiHep,4,3.665947432
LDL_3_Particles,LiHep,6,6.432795092
LDL_3_Particles,LiHep,8,9.107264692
LDL_4_Particles,LiHep,2,2.597913369
LDL_4_Particles,LiHep,4,3.417087552
LDL_4_Particles,LiHep,6,3.902384881
LDL_4_Particles,LiHep,8,8.184307736
LDL_5_Particles,LiHep,2,-5.55522052
LDL_5_Particles,LiHep,4,5.010508999
LDL_5_Particles,LiHep,6,7.372573554
LDL_5_Particles,LiHep,8,12.03469852
LDL_6_Particles,LiHep,2,-5.316684252
LDL_6_Particles,LiHep,4,11.93444185
LDL_6_Particles,LiHep,6,17.46840344
LDL_6_Particles,LiHep,8,19.25091463
TG_VLDL,LiHep,2,0.973874764
TG_VLDL,LiHep,4,5.083191195
TG_VLDL,LiHep,6,8.333086272
TG_VLDL,LiHep,8,10.27008133
TG_IDL,LiHep,2,2.409905094
TG_IDL,LiHep,4,6.303311243
TG_IDL,LiHep,6,10.13635894
TG_IDL,LiHep,8,13.10539907
TG_LDL,LiHep,2,-9.537218355
TG_LDL,LiHep,4,-8.434201233
TG_LDL,LiHep,6,-11.86612227
TG_LDL,LiHep,8,-17.06396742
TG_HDL,LiHep,2,-7.954814796
TG_HDL,LiHep,4,-10.21674468
TG_HDL,LiHep,6,-13.60800682
TG_HDL,LiHep,8,-19.37848766
CHOL_VLDL,LiHep,2,-8.810280017
CHOL_VLDL,LiHep,4,-2.1544066
CHOL_VLDL,LiHep,6,-3.559592925
CHOL_VLDL,LiHep,8,-6.948100816
CHOL_IDL,LiHep,2,-5.058585301
CHOL_IDL,LiHep,4,4.3799805
CHOL_IDL,LiHep,6,5.260177909
CHOL_IDL,LiHep,8,4.488441911
fCHOL_VLDL,LiHep,2,-4.993885341
fCHOL_VLDL,LiHep,4,-2.020973596
fCHOL_VLDL,LiHep,6,-3.818497763
fCHOL_VLDL,LiHep,8,-6.020458905
fCHOL_IDL,LiHep,2,-3.429389014
fCHOL_IDL,LiHep,4,5.242832435
fCHOL_IDL,LiHep,6,7.031456056
fCHOL_IDL,LiHep,8,6.639743157
fCHOL_LDL,LiHep,2,0.230007099
fCHOL_LDL,LiHep,4,4.756899837
fCHOL_LDL,LiHep,6,6.658634572
fCHOL_LDL,LiHep,8,8.2707227
fCHOL_HDL,LiHep,2,0.787824597
fCHOL_HDL,LiHep,4,5.087302987
fCHOL_HDL,LiHep,6,7.14849882
fCHOL_HDL,LiHep,8,6.761579434
PHOSL_VLDL,LiHep,2,-0.049261651
PHOSL_VLDL,LiHep,4,2.880497159
PHOSL_VLDL,LiHep,6,4.70560099
PHOSL_VLDL,LiHep,8,6.481961552
PHOSL_IDL,LiHep,2,5.200082293
PHOSL_IDL,LiHep,4,11.64132872
PHOSL_IDL,LiHep,6,18.26127401
PHOSL_IDL,LiHep,8,21.60310069
PHOSL_LDL,LiHep,2,1.960675304
PHOSL_LDL,LiHep,4,5.015508175
PHOSL_LDL,LiHep,6,7.632845327
PHOSL_LDL,LiHep,8,10.58368921
PHOSL_HDL,LiHep,2,4.81158901
PHOSL_HDL,LiHep,4,6.737030225
PHOSL_HDL,LiHep,6,11.54515144
PHOSL_HDL,LiHep,8,13.20353738
ApoA1_HDL,LiHep,2,2.987757422
ApoA1_HDL,LiHep,4,4.607054762
ApoA1_HDL,LiHep,6,7.842805676
ApoA1_HDL,LiHep,8,9.471681489
ApoA2_HDL,LiHep,2,4.533542541
ApoA2_HDL,LiHep,4,7.639200136
ApoA2_HDL,LiHep,6,12.97784059
ApoA2_HDL,LiHep,8,15.73313918
ApoB_VLDL,LiHep,2,-3.08671853
ApoB_VLDL,LiHep,4,-2.923100505
ApoB_VLDL,LiHep,6,-3.807400504
ApoB_VLDL,LiHep,8,-4.909542972
ApoB_IDL,LiHep,2,-1.88862518
ApoB_IDL,LiHep,4,3.403683739
ApoB_IDL,LiHep,6,5.676370224
ApoB_IDL,LiHep,8,5.572474567
ApoB_LDL,LiHep,2,-1.173275089
ApoB_LDL,LiHep,4,3.962837615
ApoB_LDL,LiHep,6,5.818470253
ApoB_LDL,LiHep,8,7.994654732
TG_VLDL_1,LiHep,2,4.667564289
TG_VLDL_1,LiHep,4,6.300424342
TG_VLDL_1,LiHep,6,9.181106561
TG_VLDL_1,LiHep,8,12.63781993
TG_VLDL_2,LiHep,2,-3.583489166
TG_VLDL_2,LiHep,4,3.620814759
TG_VLDL_2,LiHep,6,7.520384287
TG_VLDL_2,LiHep,8,8.15538379
TG_VLDL_3,LiHep,2,-4.585776668
TG_VLDL_3,LiHep,4,2.102078625
TG_VLDL_3,LiHep,6,6.159621456
TG_VLDL_3,LiHep,8,6.046835759
TG_VLDL_4,LiHep,2,1.484260948
TG_VLDL_4,LiHep,4,5.00216396
TG_VLDL_4,LiHep,6,9.410617011
TG_VLDL_4,LiHep,8,11.36220829
TG_VLDL_5,LiHep,2,0.692334011
TG_VLDL_5,LiHep,4,0.62463242
TG_VLDL_5,LiHep,6,-1.929247307
TG_VLDL_5,LiHep,8,-2.331472824
CHOL_VLDL_1,LiHep,2,-6.338467429
CHOL_VLDL_1,LiHep,4,-4.462646868
CHOL_VLDL_1,LiHep,6,-9.141972469
CHOL_VLDL_1,LiHep,8,-14.17201311
CHOL_VLDL_2,LiHep,2,-17.66183811
CHOL_VLDL_2,LiHep,4,-5.707309736
CHOL_VLDL_2,LiHep,6,-8.578562326
CHOL_VLDL_2,LiHep,8,-14.7959707
CHOL_VLDL_3,LiHep,2,-15.23694049
CHOL_VLDL_3,LiHep,4,-3.291317367
CHOL_VLDL_3,LiHep,6,-0.506615653
CHOL_VLDL_3,LiHep,8,-6.164825816
CHOL_VLDL_4,LiHep,2,-16.39474506
CHOL_VLDL_4,LiHep,4,-2.502795455
CHOL_VLDL_4,LiHep,6,-1.778417034
CHOL_VLDL_4,LiHep,8,-8.034579868
CHOL_VLDL_5,LiHep,2,-4.90125787
CHOL_VLDL_5,LiHep,4,-11.21804072
CHOL_VLDL_5,LiHep,6,-35.89764079
CHOL_VLDL_5,LiHep,8,-34.45787457
fCHOL_VLDL_1,LiHep,2,4.566355464
fCHOL_VLDL_1,LiHep,4,8.836658567
fCHOL_VLDL_1,LiHep,6,13.30381144
fCHOL_VLDL_1,LiHep,8,17.19779383
fCHOL_VLDL_2,LiHep,2,2.815957802
fCHOL_VLDL_2,LiHep,4,6.15584432
fCHOL_VLDL_2,LiHep,6,4.269971247
fCHOL_VLDL_2,LiHep,8,0.989153511
fCHOL_VLDL_3,LiHep,2,-9.547201091
fCHOL_VLDL_3,LiHep,4,-1.730373732
fCHOL_VLDL_3,LiHep,6,0.34901822
fCHOL_VLDL_3,LiHep,8,-3.233501193
fCHOL_VLDL_4,LiHep,2,-8.388112965
fCHOL_VLDL_4,LiHep,4,2.716599169
fCHOL_VLDL_4,LiHep,6,4.338643404
fCHOL_VLDL_4,LiHep,8,0.726295938
PHOSL_VLDL_1,LiHep,2,3.30062091
PHOSL_VLDL_1,LiHep,4,6.158888684
PHOSL_VLDL_1,LiHep,6,10.17497361
PHOSL_VLDL_1,LiHep,8,13.60832762
PHOSL_VLDL_2,LiHep,2,-4.693276836
PHOSL_VLDL_2,LiHep,4,2.538743518
PHOSL_VLDL_2,LiHep,6,7.075755661
PHOSL_VLDL_2,LiHep,8,7.391908494
PHOSL_VLDL_3,LiHep,2,-2.07779006
PHOSL_VLDL_3,LiHep,4,4.748527615
PHOSL_VLDL_3,LiHep,6,10.48391322
PHOSL_VLDL_3,LiHep,8,11.98243218
PHOSL_VLDL_4,LiHep,2,-3.302370997
PHOSL_VLDL_4,LiHep,4,2.55389396
PHOSL_VLDL_4,LiHep,6,4.625026506
PHOSL_VLDL_4,LiHep,8,4.861079324
PHOSL_VLDL_5,LiHep,2,-6.290759121
PHOSL_VLDL_5,LiHep,4,-5.046352879
PHOSL_VLDL_5,LiHep,6,-16.21344175
PHOSL_VLDL_5,LiHep,8,-18.77944621
TG_LDL_1,LiHep,2,-9.811371229
TG_LDL_1,LiHep,4,-12.91368588
TG_LDL_1,LiHep,6,-20.63224903
TG_LDL_1,LiHep,8,-31.9003164
TG_LDL_2,LiHep,2,-0.838937076
TG_LDL_2,LiHep,4,-5.157985249
TG_LDL_2,LiHep,6,-6.83410793
TG_LDL_2,LiHep,8,-8.490848367
TG_LDL_3,LiHep,2,-4.345758391
TG_LDL_3,LiHep,4,-4.551981063
TG_LDL_3,LiHep,6,-7.324654754
TG_LDL_3,LiHep,8,-9.713604301
TG_LDL_4,LiHep,2,-12.43303181
TG_LDL_4,LiHep,4,-16.05929355
TG_LDL_4,LiHep,6,-24.8374357
TG_LDL_4,LiHep,8,-29.21450544
TG_LDL_5,LiHep,2,-16.709972
TG_LDL_5,LiHep,4,-4.613344412
TG_LDL_5,LiHep,6,-8.877048356
TG_LDL_5,LiHep,8,-11.0198228
TG_LDL_6,LiHep,2,-2.958920906
TG_LDL_6,LiHep,4,7.415903356
TG_LDL_6,LiHep,6,11.69799621
TG_LDL_6,LiHep,8,13.12263262
CHOL_LDL_1,LiHep,2,0.923960252
CHOL_LDL_1,LiHep,4,2.985640426
CHOL_LDL_1,LiHep,6,3.397799287
CHOL_LDL_1,LiHep,8,2.256939044
CHOL_LDL_2,LiHep,2,5.627057869
CHOL_LDL_2,LiHep,4,0.80039465
CHOL_LDL_2,LiHep,6,3.221339446
CHOL_LDL_2,LiHep,8,6.353679016
CHOL_LDL_3,LiHep,2,7.361124917
CHOL_LDL_3,LiHep,4,6.604653753
CHOL_LDL_3,LiHep,6,10.45944694
CHOL_LDL_3,LiHep,8,14.30214959
CHOL_LDL_4,LiHep,2,6.661324637
CHOL_LDL_4,LiHep,4,5.597177645
CHOL_LDL_4,LiHep,6,6.923235751
CHOL_LDL_4,LiHep,8,13.0065205
CHOL_LDL_5,LiHep,2,-2.491785042
CHOL_LDL_5,LiHep,4,7.504342439
CHOL_LDL_5,LiHep,6,10.26437133
CHOL_LDL_5,LiHep,8,16.70393389
CHOL_LDL_6,LiHep,2,-2.179963549
CHOL_LDL_6,LiHep,4,14.72820725
CHOL_LDL_6,LiHep,6,21.43004815
CHOL_LDL_6,LiHep,8,25.20555867
fCHOL_LDL_1,LiHep,2,-1.01408289
fCHOL_LDL_1,LiHep,4,5.154159614
fCHOL_LDL_1,LiHep,6,7.065811443
fCHOL_LDL_1,LiHep,8,5.595380674
fCHOL_LDL_2,LiHep,2,2.730138299
fCHOL_LDL_2,LiHep,4,0.7432816
fCHOL_LDL_2,LiHep,6,3.061147355
fCHOL_LDL_2,LiHep,8,4.209073985
fCHOL_LDL_3,LiHep,2,4.591798369
fCHOL_LDL_3,LiHep,4,4.189250887
fCHOL_LDL_3,LiHep,6,6.322758586
fCHOL_LDL_3,LiHep,8,8.103075273
fCHOL_LDL_4,LiHep,2,4.278601991
fCHOL_LDL_4,LiHep,4,4.448622022
fCHOL_LDL_4,LiHep,6,5.881276214
fCHOL_LDL_4,LiHep,8,9.726271539
fCHOL_LDL_5,LiHep,2,-4.71576276
fCHOL_LDL_5,LiHep,4,4.477551404
fCHOL_LDL_5,LiHep,6,6.485592189
fCHOL_LDL_5,LiHep,8,9.792724009
fCHOL_LDL_6,LiHep,2,-6.613604716
fCHOL_LDL_6,LiHep,4,12.11067599
fCHOL_LDL_6,LiHep,6,19.6932751
fCHOL_LDL_6,LiHep,8,20.72794086
PHOSL_LDL_1,LiHep,2,0.235919228
PHOSL_LDL_1,LiHep,4,1.111543987
PHOSL_LDL_1,LiHep,6,1.128075674
PHOSL_LDL_1,LiHep,8,-0.521459184
PHOSL_LDL_2,LiHep,2,4.625337832
PHOSL_LDL_2,LiHep,4,-0.081709598
PHOSL_LDL_2,LiHep,6,1.677826253
PHOSL_LDL_2,LiHep,8,3.968660289
PHOSL_LDL_3,LiHep,2,5.823516521
PHOSL_LDL_3,LiHep,4,4.668307954
PHOSL_LDL_3,LiHep,6,7.82160019
PHOSL_LDL_3,LiHep,8,11.02984854
PHOSL_LDL_4,LiHep,2,5.478274598
PHOSL_LDL_4,LiHep,4,4.751684802
PHOSL_LDL_4,LiHep,6,5.878227606
PHOSL_LDL_4,LiHep,8,11.30109059
PHOSL_LDL_5,LiHep,2,-3.265822481
PHOSL_LDL_5,LiHep,4,5.782386468
PHOSL_LDL_5,LiHep,6,7.985398714
PHOSL_LDL_5,LiHep,8,13.77181566
PHOSL_LDL_6,LiHep,2,-1.038596509
PHOSL_LDL_6,LiHep,4,13.71002428
PHOSL_LDL_6,LiHep,6,20.33415916
PHOSL_LDL_6,LiHep,8,24.03209686
ApoB_LDL_1,LiHep,2,-1.854950824
ApoB_LDL_1,LiHep,4,-0.194480916
ApoB_LDL_1,LiHep,6,-0.502003122
ApoB_LDL_1,LiHep,8,-3.212759105
ApoB_LDL_2,LiHep,2,1.237417446
ApoB_LDL_2,LiHep,4,-3.511323624
ApoB_LDL_2,LiHep,6,-3.062250319
ApoB_LDL_2,LiHep,8,-2.217444661
ApoB_LDL_3,LiHep,2,4.457858399
ApoB_LDL_3,LiHep,4,3.671844718
ApoB_LDL_3,LiHep,6,6.433336445
ApoB_LDL_3,LiHep,8,9.110430723
ApoB_LDL_4,LiHep,2,2.60362966
ApoB_LDL_4,LiHep,4,3.421290831
ApoB_LDL_4,LiHep,6,3.90218145
ApoB_LDL_4,LiHep,8,8.185428257
ApoB_LDL_5,LiHep,2,-5.570452845
ApoB_LDL_5,LiHep,4,5.006819798
ApoB_LDL_5,LiHep,6,7.364909673
ApoB_LDL_5,LiHep,8,12.01758963
ApoB_LDL_6,LiHep,2,-5.315797685
ApoB_LDL_6,LiHep,4,11.94375838
ApoB_LDL_6,LiHep,6,17.46617721
ApoB_LDL_6,LiHep,8,19.24994851
TG_HDL_1,LiHep,2,-6.776962158
TG_HDL_1,LiHep,4,-9.184093822
TG_HDL_1,LiHep,6,-11.84661321
TG_HDL_1,LiHep,8,-17.55947387
TG_HDL_2,LiHep,2,-7.601001744
TG_HDL_2,LiHep,4,-13.15320021
TG_HDL_2,LiHep,6,-16.01712873
TG_HDL_2,LiHep,8,-21.94302475
TG_HDL_3,LiHep,2,-9.206384531
TG_HDL_3,LiHep,4,-12.17090536
TG_HDL_3,LiHep,6,-15.41970084
TG_HDL_3,LiHep,8,-22.18423402
TG_HDL_4,LiHep,2,-8.204165666
TG_HDL_4,LiHep,4,-10.17272634
TG_HDL_4,LiHep,6,-15.98822327
TG_HDL_4,LiHep,8,-20.99382559
CHOL_HDL_1,LiHep,2,9.120796712
CHOL_HDL_1,LiHep,4,12.40221541
CHOL_HDL_1,LiHep,6,18.52534744
CHOL_HDL_1,LiHep,8,20.75185526
CHOL_HDL_2,LiHep,2,10.24624037
CHOL_HDL_2,LiHep,4,7.482684089
CHOL_HDL_2,LiHep,6,13.04702774
CHOL_HDL_2,LiHep,8,15.68635858
CHOL_HDL_3,LiHep,2,7.94019083
CHOL_HDL_3,LiHep,4,9.689137606
CHOL_HDL_3,LiHep,6,16.07403013
CHOL_HDL_3,LiHep,8,18.58840701
CHOL_HDL_4,LiHep,2,6.743937547
CHOL_HDL_4,LiHep,4,9.906745493
CHOL_HDL_4,LiHep,6,14.48992859
CHOL_HDL_4,LiHep,8,19.74952583
fCHOL_HDL_1,LiHep,2,3.474501528
fCHOL_HDL_1,LiHep,4,9.956046458
fCHOL_HDL_1,LiHep,6,14.79552171
fCHOL_HDL_1,LiHep,8,15.31717352
fCHOL_HDL_2,LiHep,2,3.638702546
fCHOL_HDL_2,LiHep,4,10.38512357
fCHOL_HDL_2,LiHep,6,17.3705886
fCHOL_HDL_2,LiHep,8,17.36109141
fCHOL_HDL_3,LiHep,2,-0.09083213
fCHOL_HDL_3,LiHep,4,7.823572126
fCHOL_HDL_3,LiHep,6,13.94176856
fCHOL_HDL_3,LiHep,8,14.01825299
fCHOL_HDL_4,LiHep,2,-2.916501603
fCHOL_HDL_4,LiHep,4,5.814339276
fCHOL_HDL_4,LiHep,6,10.38936132
fCHOL_HDL_4,LiHep,8,9.666748554
PHOSL_HDL_1,LiHep,2,5.764578801
PHOSL_HDL_1,LiHep,4,8.76595358
PHOSL_HDL_1,LiHep,6,14.52586759
PHOSL_HDL_1,LiHep,8,15.00674434
PHOSL_HDL_2,LiHep,2,6.733760109
PHOSL_HDL_2,LiHep,4,5.208764011
PHOSL_HDL_2,LiHep,6,10.71700229
PHOSL_HDL_2,LiHep,8,12.03902061
PHOSL_HDL_3,LiHep,2,5.345077985
PHOSL_HDL_3,LiHep,4,7.827798437
PHOSL_HDL_3,LiHep,6,14.35489795
PHOSL_HDL_3,LiHep,8,16.15258742
PHOSL_HDL_4,LiHep,2,4.028019152
PHOSL_HDL_4,LiHep,4,7.67719361
PHOSL_HDL_4,LiHep,6,12.00153634
PHOSL_HDL_4,LiHep,8,15.5790785
ApoA1_HDL_1,LiHep,2,1.926493965
ApoA1_HDL_1,LiHep,4,3.427282955
ApoA1_HDL_1,LiHep,6,6.467949117
ApoA1_HDL_1,LiHep,8,6.045093247
ApoA1_HDL_2,LiHep,2,4.704572708
ApoA1_HDL_2,LiHep,4,5.991203336
ApoA1_HDL_2,LiHep,6,10.83566239
ApoA1_HDL_2,LiHep,8,12.52995399
ApoA1_HDL_3,LiHep,2,4.763779206
ApoA1_HDL_3,LiHep,4,5.981267721
ApoA1_HDL_3,LiHep,6,10.50054771
ApoA1_HDL_3,LiHep,8,11.9148105
ApoA1_HDL_4,LiHep,2,2.446262693
ApoA1_HDL_4,LiHep,4,5.186134588
ApoA1_HDL_4,LiHep,6,7.491721827
ApoA1_HDL_4,LiHep,8,10.43587234
ApoA2_HDL_1,LiHep,2,3.868901854
ApoA2_HDL_1,LiHep,4,8.686728669
ApoA2_HDL_1,LiHep,6,15.87306405
ApoA2_HDL_1,LiHep,8,16.13613987
ApoA2_HDL_2,LiHep,2,7.55315372
ApoA2_HDL_2,LiHep,4,10.40202456
ApoA2_HDL_2,LiHep,6,18.81420741
ApoA2_HDL_2,LiHep,8,20.87454451
ApoA2_HDL_3,LiHep,2,5.812725984
ApoA2_HDL_3,LiHep,4,8.373465449
ApoA2_HDL_3,LiHep,6,15.39259374
ApoA2_HDL_3,LiHep,8,17.53352414
ApoA2_HDL_4,LiHep,2,4.296878074
ApoA2_HDL_4,LiHep,4,9.368880964
ApoA2_HDL_4,LiHep,6,14.21690291
ApoA2_HDL_4,LiHep,8,18.19707496
